{
	"info": {
		"_postman_id": "event-mgmt-api-001",
		"name": "Event Management API",
		"description": "Complete CRUD operations for Event Management System",
		"schema": "https://schema.getpostman.com/json/collection/v2.1.0/collection.json"
	},
	"item": [
		{
			"name": "Venues",
			"item": [
				{
					"name": "Create Venue",
					"request": {
						"method": "POST",
						"header": [
							{
								"key": "Content-Type",
								"value": "application/json"
							}
						],
						"body": {
							"mode": "raw",
							"raw": "{\n  \"name\": \"Tech Conference Hall\",\n  \"location\": \"123 Main Street, Downtown\",\n  \"capacity\": 500,\n  \"description\": \"Large conference hall with modern facilities\"\n}"
						},
						"url": {
							"raw": "http://localhost:9080/venues",
							"protocol": "http",
							"host": [
								"localhost"
							],
							"port": "9080",
							"path": [
								"venues"
							]
						}
					},
					"response": []
				},
				{
					"name": "Get All Venues",
					"request": {
						"method": "GET",
						"header": [],
						"url": {
							"raw": "http://localhost:9080/venues",
							"protocol": "http",
							"host": [
								"localhost"
							],
							"port": "9080",
							"path": [
								"venues"
							]
						}
					},
					"response": []
				},
				{
					"name": "Get Venue by ID",
					"request": {
						"method": "GET",
						"header": [],
						"url": {
							"raw": "http://localhost:9080/venues/1",
							"protocol": "http",
							"host": [
								"localhost"
							],
							"port": "9080",
							"path": [
								"venues",
								"1"
							]
						}
					},
					"response": []
				},
				{
					"name": "Update Venue",
					"request": {
						"method": "PUT",
						"header": [
							{
								"key": "Content-Type",
								"value": "application/json"
							}
						],
						"body": {
							"mode": "raw",
							"raw": "{\n  \"name\": \"Updated Tech Conference Hall\",\n  \"location\": \"456 Innovation Drive, Tech Park\",\n  \"capacity\": 600,\n  \"description\": \"Upgraded conference hall with latest technology\"\n}"
						},
						"url": {
							"raw": "http://localhost:9080/venues/1",
							"protocol": "http",
							"host": [
								"localhost"
							],
							"port": "9080",
							"path": [
								"venues",
								"1"
							]
						}
					},
					"response": []
				},
				{
					"name": "Delete Venue",
					"request": {
						"method": "DELETE",
						"header": [],
						"url": {
							"raw": "http://localhost:9080/venues/1",
							"protocol": "http",
							"host": [
								"localhost"
							],
							"port": "9080",
							"path": [
								"venues",
								"1"
							]
						}
					},
					"response": []
				}
			]
		},
		{
			"name": "Events",
			"item": [
				{
					"name": "Create Event",
					"request": {
						"method": "POST",
						"header": [
							{
								"key": "Content-Type",
								"value": "application/json"
							}
						],
						"body": {
							"mode": "raw",
							"raw": "{\n  \"eventName\": \"Spring Tech Conference 2025\",\n  \"description\": \"Annual technology conference featuring latest innovations\",\n  \"eventDate\": \"2025-03-15T09:00:00\",\n  \"eventType\": \"Conference\",\n  \"venue\": {\n    \"id\": 1\n  },\n  \"capacity\": 500,\n  \"status\": \"Scheduled\"\n}"
						},
						"url": {
							"raw": "http://localhost:9080/events",
							"protocol": "http",
							"host": [
								"localhost"
							],
							"port": "9080",
							"path": [
								"events"
							]
						}
					},
					"response": []
				},
				{
					"name": "Get All Events",
					"request": {
						"method": "GET",
						"header": [],
						"url": {
							"raw": "http://localhost:9080/events",
							"protocol": "http",
							"host": [
								"localhost"
							],
							"port": "9080",
							"path": [
								"events"
							]
						}
					},
					"response": []
				},
				{
					"name": "Get Event by ID",
					"request": {
						"method": "GET",
						"header": [],
						"url": {
							"raw": "http://localhost:9080/events/1",
							"protocol": "http",
							"host": [
								"localhost"
							],
							"port": "9080",
							"path": [
								"events",
								"1"
							]
						}
					},
					"response": []
				},
				{
					"name": "Update Event",
					"request": {
						"method": "PUT",
						"header": [
							{
								"key": "Content-Type",
								"value": "application/json"
							}
						],
						"body": {
							"mode": "raw",
							"raw": "{\n  \"eventName\": \"Spring Tech Conference 2025 - Extended\",\n  \"description\": \"Extended annual technology conference with more sessions\",\n  \"eventDate\": \"2025-03-15T09:00:00\",\n  \"eventType\": \"Conference\",\n  \"venue\": {\n    \"id\": 1\n  },\n  \"capacity\": 600,\n  \"status\": \"Ongoing\"\n}"
						},
						"url": {
							"raw": "http://localhost:9080/events/1",
							"protocol": "http",
							"host": [
								"localhost"
							],
							"port": "9080",
							"path": [
								"events",
								"1"
							]
						}
					},
					"response": []
				},
				{
					"name": "Delete Event",
					"request": {
						"method": "DELETE",
						"header": [],
						"url": {
							"raw": "http://localhost:9080/events/1",
							"protocol": "http",
							"host": [
								"localhost"
							],
							"port": "9080",
							"path": [
								"events",
								"1"
							]
						}
					},
					"response": []
				}
			]
		},
		{
			"name": "Attendees",
			"item": [
				{
					"name": "Register Attendee",
					"request": {
						"method": "POST",
						"header": [
							{
								"key": "Content-Type",
								"value": "application/json"
							}
						],
						"body": {
							"mode": "raw",
							"raw": "{\n  \"event\": {\n    \"id\": 1\n  },\n  \"fullName\": \"John Doe\",\n  \"email\": \"john.doe@email.com\",\n  \"phone\": \"555-0101\",\n  \"registrationDate\": \"2025-01-20T10:30:00\",\n  \"status\": \"Registered\"\n}"
						},
						"url": {
							"raw": "http://localhost:9080/attendees",
							"protocol": "http",
							"host": [
								"localhost"
							],
							"port": "9080",
							"path": [
								"attendees"
							]
						}
					},
					"response": []
				},
				{
					"name": "Get All Attendees",
					"request": {
						"method": "GET",
						"header": [],
						"url": {
							"raw": "http://localhost:9080/attendees",
							"protocol": "http",
							"host": [
								"localhost"
							],
							"port": "9080",
							"path": [
								"attendees"
							]
						}
					},
					"response": []
				},
				{
					"name": "Get Attendee by ID",
					"request": {
						"method": "GET",
						"header": [],
						"url": {
							"raw": "http://localhost:9080/attendees/1",
							"protocol": "http",
							"host": [
								"localhost"
							],
							"port": "9080",
							"path": [
								"attendees",
								"1"
							]
						}
					},
					"response": []
				},
				{
					"name": "Get Attendees by Event",
					"request": {
						"method": "GET",
						"header": [],
						"url": {
							"raw": "http://localhost:9080/attendees/event/1",
							"protocol": "http",
							"host": [
								"localhost"
							],
							"port": "9080",
							"path": [
								"attendees",
								"event",
								"1"
							]
						}
					},
					"response": []
				},
				{
					"name": "Update Attendee",
					"request": {
						"method": "PUT",
						"header": [
							{
								"key": "Content-Type",
								"value": "application/json"
							}
						],
						"body": {
							"mode": "raw",
							"raw": "{\n  \"event\": {\n    \"id\": 1\n  },\n  \"fullName\": \"John Smith\",\n  \"email\": \"john.smith@email.com\",\n  \"phone\": \"555-9999\",\n  \"registrationDate\": \"2025-01-20T10:30:00\",\n  \"status\": \"Attended\"\n}"
						},
						"url": {
							"raw": "http://localhost:9080/attendees/1",
							"protocol": "http",
							"host": [
								"localhost"
							],
							"port": "9080",
							"path": [
								"attendees",
								"1"
							]
						}
					},
					"response": []
				},
				{
					"name": "Delete Attendee",
					"request": {
						"method": "DELETE",
						"header": [],
						"url": {
							"raw": "http://localhost:9080/attendees/1",
							"protocol": "http",
							"host": [
								"localhost"
							],
							"port": "9080",
							"path": [
								"attendees",
								"1"
							]
						}
					},
					"response": []
				}
			]
		}
	]
}
